,Algorithm,default,blur_normalizeddifference,dfi_normalizeddifference,none_normalizeddifference,occlude_lfw_normalizeddifference,radial_distortion_normalizeddifference,blur_difference,dfi_difference,none_difference,occlude_lfw_difference,radial_distortion_difference
PCA,PCA,0.075967511,0.08176101096691203,-0.13997820975798458,0.0,0.15566037828987186,-0.013626829676351005,0.00621118050000001,-0.010633796189550002,0.0,0.011825131500000002,-0.0010351963333333214
SVM,SVM,0.139512661,0.2037671226126209,-0.33517996480620493,0.0,0.9828767153971782,0.5353881262910373,0.028428093500000015,-0.046761848804,0.0,0.13712374600000002,0.07469342216666668
Sparse Representation,Sparse Representation,0.235547062,0.05273833770000497,-1.6984879778844362,0.0,0.5522312384010972,0.10209601128457306,0.012422360500000007,-0.4000738530329999,0.0,0.13007644575000002,0.02404841550000003
Sparse Representation Combined l1,Sparse Representation Combined l1,0.271858576,0.44551845221171177,-0.37037802922943286,0.0,0.5773286466048435,0.302284709483164,0.12111801200000002,-0.100690443608,0.0,0.15695174375,0.08217869066666666
Sparse Representation Dimension Reduction,Sparse Representation Dimension Reduction,0.319636885,0.3467862477761289,-0.5387149870375567,0.0,0.5085949177924193,0.3330842058481454,0.110845676,-0.1721931803595,0.0,0.16256569524999998,0.10646599799999998
VGG,VGG,0.98614429,0.006540697000841588,,0.0,0.3610707361597156,0.05361757067686983,0.006450071000000057,,0.0,0.3560678447500001,0.052874661166666614
